patient_id,name,email,city
1,Amit Sharma,amit@example.com,Delhi
2,Riya Singh,riya@example.com,Mumbai
3,Arjun Verma,arjun@example.com,Bangalore
4,Neha Gupta,neha@example.com,Pune
5,Karan Mehta,karan@example.com,Gurgaon
6,Ananya Khan,patient6@demo.clinic,Ahmedabad
7,Diya Mehta,patient7@demo.clinic,Jaipur
8,Kavya Agarwal,patient8@demo.clinic,Lucknow
9,Meera Bose,patient9@demo.clinic,Mumbai
10,Neha Chawla,patient10@demo.clinic,Delhi
11,Priya Das,patient11@demo.clinic,Bangalore
12,Riya Kulkarni,patient12@demo.clinic,Hyderabad
13,Sara Rao,patient13@demo.clinic,Chennai
14,Tanvi Sharma,patient14@demo.clinic,Pune
15,Vidya Verma,patient15@demo.clinic,Kolkata
16,Aarav Patel,patient16@demo.clinic,Ahmedabad
17,Aditya Singh,patient17@demo.clinic,Jaipur
18,Arjun Gupta,patient18@demo.clinic,Lucknow
19,Dev Reddy,patient19@demo.clinic,Mumbai
20,Ishaan Iyer,patient20@demo.clinic,Delhi
21,Kabir Kapoor,patient21@demo.clinic,Bangalore
22,Karan Menon,patient22@demo.clinic,Hyderabad
23,Rohan Joshi,patient23@demo.clinic,Chennai
24,Vivaan Nair,patient24@demo.clinic,Pune
25,Yash Desai,patient25@demo.clinic,Kolkata
26,Ananya Khan,patient26@demo.clinic,Ahmedabad
27,Diya Mehta,patient27@demo.clinic,Jaipur
28,Kavya Agarwal,patient28@demo.clinic,Lucknow
29,Meera Bose,patient29@demo.clinic,Mumbai
30,Neha Chawla,patient30@demo.clinic,Delhi
31,Priya Das,patient31@demo.clinic,Bangalore
32,Riya Kulkarni,patient32@demo.clinic,Hyderabad
33,Sara Rao,patient33@demo.clinic,Chennai
34,Tanvi Sharma,patient34@demo.clinic,Pune
35,Vidya Verma,patient35@demo.clinic,Kolkata
36,Aarav Patel,patient36@demo.clinic,Ahmedabad
37,Aditya Singh,patient37@demo.clinic,Jaipur
38,Arjun Gupta,patient38@demo.clinic,Lucknow
39,Dev Reddy,patient39@demo.clinic,Mumbai
40,Ishaan Iyer,patient40@demo.clinic,Delhi
41,Kabir Kapoor,patient41@demo.clinic,Bangalore
42,Karan Menon,patient42@demo.clinic,Hyderabad
43,Rohan Joshi,patient43@demo.clinic,Chennai
44,Vivaan Nair,patient44@demo.clinic,Pune
45,Yash Desai,patient45@demo.clinic,Kolkata
46,Ananya Khan,patient46@demo.clinic,Ahmedabad
47,Diya Mehta,patient47@demo.clinic,Jaipur
48,Kavya Agarwal,patient48@demo.clinic,Lucknow
49,Meera Bose,patient49@demo.clinic,Mumbai
50,Neha Chawla,patient50@demo.clinic,Delhi
